timestamp,video_id,viewers,started_at,duration,status_text,url
1662566760,xI6ph__1wnc,11,1662566757,5,Chillin' today | Talk with Angela from TikTok tonight at 2000 EDT,https://youtu.be/xI6ph__1wnc?t=5
1662566821,xI6ph__1wnc,280,1662566757,66,Chillin' today | Talk with Angela from TikTok tonight at 2000 EDT,https://youtu.be/xI6ph__1wnc?t=66
1662566881,xI6ph__1wnc,397,1662566757,126,Chillin' today | Talk with Angela from TikTok tonight at 2000 EDT,https://youtu.be/xI6ph__1wnc?t=126
1662566941,xI6ph__1wnc,531,1662566757,186,Chillin' today | Talk with Angela from TikTok tonight at 2000 EDT,https://youtu.be/xI6ph__1wnc?t=186
1662567002,xI6ph__1wnc,648,1662566757,247,Chillin' today | Talk with Angela from TikTok tonight at 2000 EDT,https://youtu.be/xI6ph__1wnc?t=247
1662567060,xI6ph__1wnc,782,1662566757,305,Chillin' today | Talk with Angela from TikTok tonight at 2000 EDT,https://youtu.be/xI6ph__1wnc?t=305
1662567120,xI6ph__1wnc,903,1662566757,365,Chillin' today | Talk with Angela from TikTok tonight at 2000 EDT,https://youtu.be/xI6ph__1wnc?t=365
1662567181,xI6ph__1wnc,1058,1662566757,426,Chillin' today | Talk with Angela from TikTok tonight at 2000 EDT,https://youtu.be/xI6ph__1wnc?t=426
1662567241,xI6ph__1wnc,1229,1662566757,486,Chillin' today | Talk with Angela from TikTok tonight at 2000 EDT,https://youtu.be/xI6ph__1wnc?t=486
1662567300,xI6ph__1wnc,1356,1662566757,545,Chillin' today | Talk with Angela from TikTok tonight at 2000 EDT,https://youtu.be/xI6ph__1wnc?t=545
1662567361,xI6ph__1wnc,1530,1662566757,606,Chillin' today | Talk with Angela from TikTok tonight at 2000 EDT,https://youtu.be/xI6ph__1wnc?t=606
1662567421,xI6ph__1wnc,1556,1662566757,666,Chillin' today | Talk with Angela from TikTok tonight at 2000 EDT,https://youtu.be/xI6ph__1wnc?t=666
1662567480,xI6ph__1wnc,1674,1662566757,725,Chillin' today | Talk with Angela from TikTok tonight at 2000 EDT,https://youtu.be/xI6ph__1wnc?t=725
1662567540,xI6ph__1wnc,1749,1662566757,785,Chillin' today | Talk with Angela from TikTok tonight at 2000 EDT,https://youtu.be/xI6ph__1wnc?t=785
1662567601,xI6ph__1wnc,1858,1662566757,846,Chillin' today | Talk with Angela from TikTok tonight at 2000 EDT,https://youtu.be/xI6ph__1wnc?t=846
1662567661,xI6ph__1wnc,1931,1662566757,906,Chillin' today | Talk with Angela from TikTok tonight at 2000 EDT,https://youtu.be/xI6ph__1wnc?t=906
1662567721,xI6ph__1wnc,2032,1662566757,965,Chillin' today | Talk with Angela from TikTok tonight at 2000 EDT,https://youtu.be/xI6ph__1wnc?t=965
1662567781,xI6ph__1wnc,2128,1662566757,1026,Chillin' today | Talk with Angela from TikTok tonight at 2000 EDT,https://youtu.be/xI6ph__1wnc?t=1026
1662567841,xI6ph__1wnc,2209,1662566757,1086,Chillin' today | Talk with Angela from TikTok tonight at 2000 EDT,https://youtu.be/xI6ph__1wnc?t=1086
1662567900,xI6ph__1wnc,2295,1662566757,1145,Chillin' today | Talk with Angela from TikTok tonight at 2000 EDT,https://youtu.be/xI6ph__1wnc?t=1145
1662567961,xI6ph__1wnc,2429,1662566757,1206,Chillin' today | Talk with Angela from TikTok tonight at 2000 EDT,https://youtu.be/xI6ph__1wnc?t=1206
1662568020,xI6ph__1wnc,2509,1662566757,1265,Chillin' today | Talk with Angela from TikTok tonight at 2000 EDT,https://youtu.be/xI6ph__1wnc?t=1265
1662568080,xI6ph__1wnc,2616,1662566757,1325,Chillin' today | Talk with Angela from TikTok tonight at 2000 EDT,https://youtu.be/xI6ph__1wnc?t=1325
1662568140,xI6ph__1wnc,2722,1662566757,1385,Chillin' today | Talk with Angela from TikTok tonight at 2000 EDT,https://youtu.be/xI6ph__1wnc?t=1385
1662568201,xI6ph__1wnc,2815,1662566757,1446,Chillin' today | Talk with Angela from TikTok tonight at 2000 EDT,https://youtu.be/xI6ph__1wnc?t=1446
1662568261,xI6ph__1wnc,2835,1662566757,1506,Chillin' today | Talk with Angela from TikTok tonight at 2000 EDT,https://youtu.be/xI6ph__1wnc?t=1506
1662568321,xI6ph__1wnc,2944,1662566757,1566,Chillin' today | Talk with Angela from TikTok tonight at 2000 EDT,https://youtu.be/xI6ph__1wnc?t=1566
1662568381,xI6ph__1wnc,3029,1662566757,1626,Chillin' today | Talk with Angela from TikTok tonight at 2000 EDT,https://youtu.be/xI6ph__1wnc?t=1626
1662568441,xI6ph__1wnc,3096,1662566757,1686,Chillin' today | Talk with Angela from TikTok tonight at 2000 EDT,https://youtu.be/xI6ph__1wnc?t=1686
1662568501,xI6ph__1wnc,3175,1662566757,1746,Chillin' today | Talk with Angela from TikTok tonight at 2000 EDT,https://youtu.be/xI6ph__1wnc?t=1746
1662568561,xI6ph__1wnc,3156,1662566757,1806,Chillin' today | Talk with Angela from TikTok tonight at 2000 EDT,https://youtu.be/xI6ph__1wnc?t=1806
1662568620,xI6ph__1wnc,3038,1662566757,1865,Chillin' today | Talk with Angela from TikTok tonight at 2000 EDT,https://youtu.be/xI6ph__1wnc?t=1865
1662568681,xI6ph__1wnc,3087,1662566757,1926,Chillin' today | Talk with Angela from TikTok tonight at 2000 EDT,https://youtu.be/xI6ph__1wnc?t=1926
1662568741,xI6ph__1wnc,3156,1662566757,1986,Chillin' today | Talk with Angela from TikTok tonight at 2000 EDT,https://youtu.be/xI6ph__1wnc?t=1986
1662568801,xI6ph__1wnc,3176,1662566757,2046,Chillin' today | Talk with Angela from TikTok tonight at 2000 EDT,https://youtu.be/xI6ph__1wnc?t=2046
1662568861,xI6ph__1wnc,3222,1662566757,2106,Chillin' today | Talk with Angela from TikTok tonight at 2000 EDT,https://youtu.be/xI6ph__1wnc?t=2106
1662568920,xI6ph__1wnc,3292,1662566757,2165,Chillin' today | Talk with Angela from TikTok tonight at 2000 EDT,https://youtu.be/xI6ph__1wnc?t=2165
1662568981,xI6ph__1wnc,3309,1662566757,2226,Chillin' today | Talk with Angela from TikTok tonight at 2000 EDT,https://youtu.be/xI6ph__1wnc?t=2226
1662569040,xI6ph__1wnc,3362,1662566757,2285,Chillin' today | Talk with Angela from TikTok tonight at 2000 EDT,https://youtu.be/xI6ph__1wnc?t=2285
1662569101,xI6ph__1wnc,3397,1662566757,2346,Chillin' today | Talk with Angela from TikTok tonight at 2000 EDT,https://youtu.be/xI6ph__1wnc?t=2346
1662569161,xI6ph__1wnc,3421,1662566757,2406,Chillin' today | Talk with Angela from TikTok tonight at 2000 EDT,https://youtu.be/xI6ph__1wnc?t=2406
1662569220,xI6ph__1wnc,3480,1662566757,2465,Chillin' today | Talk with Angela from TikTok tonight at 2000 EDT,https://youtu.be/xI6ph__1wnc?t=2465
1662569280,xI6ph__1wnc,3525,1662566757,2525,Chillin' today | Talk with Angela from TikTok tonight at 2000 EDT,https://youtu.be/xI6ph__1wnc?t=2525
1662569341,xI6ph__1wnc,3576,1662566757,2586,Chillin' today | Talk with Angela from TikTok tonight at 2000 EDT,https://youtu.be/xI6ph__1wnc?t=2586
1662569401,xI6ph__1wnc,3670,1662566757,2646,Chillin' today | Talk with Angela from TikTok tonight at 2000 EDT,https://youtu.be/xI6ph__1wnc?t=2646
1662569460,xI6ph__1wnc,3669,1662566757,2705,Chillin' today | Talk with Angela from TikTok tonight at 2000 EDT,https://youtu.be/xI6ph__1wnc?t=2705
1662569521,xI6ph__1wnc,3652,1662566757,2766,Chillin' today | Talk with Angela from TikTok tonight at 2000 EDT,https://youtu.be/xI6ph__1wnc?t=2766
1662569581,xI6ph__1wnc,3692,1662566757,2826,Chillin' today | Talk with Angela from TikTok tonight at 2000 EDT,https://youtu.be/xI6ph__1wnc?t=2826
1662569641,xI6ph__1wnc,3735,1662566757,2886,Chillin' today | Talk with Angela from TikTok tonight at 2000 EDT,https://youtu.be/xI6ph__1wnc?t=2886
1662569700,xI6ph__1wnc,3800,1662566757,2945,Chillin' today | Talk with Angela from TikTok tonight at 2000 EDT,https://youtu.be/xI6ph__1wnc?t=2945
1662569760,xI6ph__1wnc,3842,1662566757,3005,Chillin' today | Talk with Angela from TikTok tonight at 2000 EDT,https://youtu.be/xI6ph__1wnc?t=3005
1662569821,xI6ph__1wnc,3880,1662566757,3066,Chillin' today | Talk with Angela from TikTok tonight at 2000 EDT,https://youtu.be/xI6ph__1wnc?t=3066
1662569881,xI6ph__1wnc,3895,1662566757,3126,Chillin' today | Talk with Angela from TikTok tonight at 2000 EDT,https://youtu.be/xI6ph__1wnc?t=3126
1662569940,xI6ph__1wnc,3918,1662566757,3185,Chillin' today | Talk with Angela from TikTok tonight at 2000 EDT,https://youtu.be/xI6ph__1wnc?t=3185
1662570000,xI6ph__1wnc,3938,1662566757,3245,Chillin' today | Talk with Angela from TikTok tonight at 2000 EDT,https://youtu.be/xI6ph__1wnc?t=3245
1662570060,xI6ph__1wnc,3949,1662566757,3305,Chillin' today | Talk with Angela from TikTok tonight at 2000 EDT,https://youtu.be/xI6ph__1wnc?t=3305
1662570120,xI6ph__1wnc,3931,1662566757,3365,Chillin' today | Talk with Angela from TikTok tonight at 2000 EDT,https://youtu.be/xI6ph__1wnc?t=3365
1662570181,xI6ph__1wnc,3951,1662566757,3426,Chillin' today | Talk with Angela from TikTok tonight at 2000 EDT,https://youtu.be/xI6ph__1wnc?t=3426
1662570240,xI6ph__1wnc,3967,1662566757,3485,Chillin' today | Talk with Angela from TikTok tonight at 2000 EDT,https://youtu.be/xI6ph__1wnc?t=3485
1662570301,xI6ph__1wnc,3975,1662566757,3546,Chillin' today | Talk with Angela from TikTok tonight at 2000 EDT,https://youtu.be/xI6ph__1wnc?t=3546
1662570361,xI6ph__1wnc,4064,1662566757,3606,Chillin' today | Talk with Angela from TikTok tonight at 2000 EDT,https://youtu.be/xI6ph__1wnc?t=3606
1662570421,xI6ph__1wnc,4055,1662566757,3666,Chillin' today | Talk with Angela from TikTok tonight at 2000 EDT,https://youtu.be/xI6ph__1wnc?t=3666
1662570481,xI6ph__1wnc,4088,1662566757,3726,Chillin' today | Talk with Angela from TikTok tonight at 2000 EDT,https://youtu.be/xI6ph__1wnc?t=3726
1662570540,xI6ph__1wnc,4079,1662566757,3785,Chillin' today | Talk with Angela from TikTok tonight at 2000 EDT,https://youtu.be/xI6ph__1wnc?t=3785
1662570600,xI6ph__1wnc,4145,1662566757,3845,Chillin' today | Talk with Angela from TikTok tonight at 2000 EDT,https://youtu.be/xI6ph__1wnc?t=3845
1662570660,xI6ph__1wnc,4187,1662566757,3905,Chillin' today | Talk with Angela from TikTok tonight at 2000 EDT,https://youtu.be/xI6ph__1wnc?t=3905
1662570721,xI6ph__1wnc,4213,1662566757,3966,Chillin' today | Talk with Angela from TikTok tonight at 2000 EDT,https://youtu.be/xI6ph__1wnc?t=3966
1662570781,xI6ph__1wnc,4282,1662566757,4026,Chillin' today | Talk with Angela from TikTok tonight at 2000 EDT,https://youtu.be/xI6ph__1wnc?t=4026
1662570840,xI6ph__1wnc,4300,1662566757,4085,Chillin' today | Talk with Angela from TikTok tonight at 2000 EDT,https://youtu.be/xI6ph__1wnc?t=4085
1662570900,xI6ph__1wnc,4325,1662566757,4145,Chillin' today | Talk with Angela from TikTok tonight at 2000 EDT,https://youtu.be/xI6ph__1wnc?t=4145
1662570961,xI6ph__1wnc,4311,1662566757,4206,Chillin' today | Talk with Angela from TikTok tonight at 2000 EDT,https://youtu.be/xI6ph__1wnc?t=4206
1662571021,xI6ph__1wnc,4325,1662566757,4266,Chillin' today | Talk with Angela from TikTok tonight at 2000 EDT,https://youtu.be/xI6ph__1wnc?t=4266
1662571081,xI6ph__1wnc,4347,1662566757,4326,Chillin' today | Talk with Angela from TikTok tonight at 2000 EDT,https://youtu.be/xI6ph__1wnc?t=4326
1662571140,xI6ph__1wnc,4292,1662566757,4385,Chillin' today | Talk with Angela from TikTok tonight at 2000 EDT,https://youtu.be/xI6ph__1wnc?t=4385
1662571201,xI6ph__1wnc,4252,1662566757,4446,Chillin' today | Talk with Angela from TikTok tonight at 2000 EDT,https://youtu.be/xI6ph__1wnc?t=4446
1662571261,xI6ph__1wnc,4274,1662566757,4506,Chillin' today | Talk with Angela from TikTok tonight at 2000 EDT,https://youtu.be/xI6ph__1wnc?t=4506
1662571321,xI6ph__1wnc,4292,1662566757,4566,Chillin' today | Talk with Angela from TikTok tonight at 2000 EDT,https://youtu.be/xI6ph__1wnc?t=4566
1662571380,xI6ph__1wnc,4324,1662566757,4625,Chillin' today | Talk with Angela from TikTok tonight at 2000 EDT,https://youtu.be/xI6ph__1wnc?t=4625
1662571441,xI6ph__1wnc,4329,1662566757,4686,Chillin' today | Talk with Angela from TikTok tonight at 2000 EDT,https://youtu.be/xI6ph__1wnc?t=4686
1662571500,xI6ph__1wnc,4383,1662566757,4745,Chillin' today | Talk with Angela from TikTok tonight at 2000 EDT,https://youtu.be/xI6ph__1wnc?t=4745
1662571561,xI6ph__1wnc,4346,1662566757,4806,Chillin' today | Talk with Angela from TikTok tonight at 2000 EDT,https://youtu.be/xI6ph__1wnc?t=4806
1662571621,xI6ph__1wnc,4347,1662566757,4866,Chillin' today | Talk with Angela from TikTok tonight at 2000 EDT,https://youtu.be/xI6ph__1wnc?t=4866
1662571680,xI6ph__1wnc,4348,1662566757,4925,Chillin' today | Talk with Angela from TikTok tonight at 2000 EDT,https://youtu.be/xI6ph__1wnc?t=4925
1662571740,xI6ph__1wnc,4336,1662566757,4985,Chillin' today | Talk with Angela from TikTok tonight at 2000 EDT,https://youtu.be/xI6ph__1wnc?t=4985
1662571800,xI6ph__1wnc,4373,1662566757,5045,Chillin' today | Talk with Angela from TikTok tonight at 2000 EDT,https://youtu.be/xI6ph__1wnc?t=5045
1662571861,xI6ph__1wnc,4384,1662566757,5106,Chillin' today | Talk with Angela from TikTok tonight at 2000 EDT,https://youtu.be/xI6ph__1wnc?t=5106
1662571921,xI6ph__1wnc,4421,1662566757,5166,Chillin' today | Talk with Angela from TikTok tonight at 2000 EDT,https://youtu.be/xI6ph__1wnc?t=5166
1662571980,xI6ph__1wnc,4446,1662566757,5225,Chillin' today | Talk with Angela from TikTok tonight at 2000 EDT,https://youtu.be/xI6ph__1wnc?t=5225
1662572040,xI6ph__1wnc,4455,1662566757,5285,Chillin' today | Talk with Angela from TikTok tonight at 2000 EDT,https://youtu.be/xI6ph__1wnc?t=5285
1662572100,xI6ph__1wnc,4448,1662566757,5345,Chillin' today | Talk with Angela from TikTok tonight at 2000 EDT,https://youtu.be/xI6ph__1wnc?t=5345
1662572161,xI6ph__1wnc,4460,1662566757,5406,Chillin' today | Talk with Angela from TikTok tonight at 2000 EDT,https://youtu.be/xI6ph__1wnc?t=5406
1662572221,xI6ph__1wnc,4461,1662566757,5466,Chillin' today | Talk with Angela from TikTok tonight at 2000 EDT,https://youtu.be/xI6ph__1wnc?t=5466
1662572281,xI6ph__1wnc,4485,1662566757,5526,Chillin' today | Talk with Angela from TikTok tonight at 2000 EDT,https://youtu.be/xI6ph__1wnc?t=5526
1662572341,xI6ph__1wnc,4540,1662566757,5586,Chillin' today | Talk with Angela from TikTok tonight at 2000 EDT,https://youtu.be/xI6ph__1wnc?t=5586
1662572401,xI6ph__1wnc,4580,1662566757,5646,Chillin' today | Talk with Angela from TikTok tonight at 2000 EDT,https://youtu.be/xI6ph__1wnc?t=5646
1662572460,xI6ph__1wnc,4670,1662566757,5705,Chillin' today | Talk with Angela from TikTok tonight at 2000 EDT,https://youtu.be/xI6ph__1wnc?t=5705
1662572520,xI6ph__1wnc,4703,1662566757,5765,Chillin' today | Talk with Angela from TikTok tonight at 2000 EDT,https://youtu.be/xI6ph__1wnc?t=5765
1662572580,xI6ph__1wnc,4692,1662566757,5825,Chillin' today | Talk with Angela from TikTok tonight at 2000 EDT,https://youtu.be/xI6ph__1wnc?t=5825
1662572641,xI6ph__1wnc,4689,1662566757,5886,Chillin' today | Talk with Angela from TikTok tonight at 2000 EDT,https://youtu.be/xI6ph__1wnc?t=5886
1662572700,xI6ph__1wnc,4715,1662566757,5945,Chillin' today | Talk with Angela from TikTok tonight at 2000 EDT,https://youtu.be/xI6ph__1wnc?t=5945
1662572760,xI6ph__1wnc,4683,1662566757,6005,Chillin' today | Talk with Angela from TikTok tonight at 2000 EDT,https://youtu.be/xI6ph__1wnc?t=6005
1662572821,xI6ph__1wnc,4700,1662566757,6066,Chillin' today | Talk with Angela from TikTok tonight at 2000 EDT,https://youtu.be/xI6ph__1wnc?t=6066
1662572880,xI6ph__1wnc,4753,1662566757,6125,Chillin' today | Talk with Angela from TikTok tonight at 2000 EDT,https://youtu.be/xI6ph__1wnc?t=6125
1662572941,xI6ph__1wnc,4786,1662566757,6186,Chillin' today | Talk with Angela from TikTok tonight at 2000 EDT,https://youtu.be/xI6ph__1wnc?t=6186
1662573001,xI6ph__1wnc,4833,1662566757,6246,Chillin' today | Talk with Angela from TikTok tonight at 2000 EDT,https://youtu.be/xI6ph__1wnc?t=6246
1662573060,xI6ph__1wnc,4889,1662566757,6305,Chillin' today | Talk with Angela from TikTok tonight at 2000 EDT,https://youtu.be/xI6ph__1wnc?t=6305
1662573120,xI6ph__1wnc,4906,1662566757,6365,Chillin' today | Talk with Angela from TikTok tonight at 2000 EDT,https://youtu.be/xI6ph__1wnc?t=6365
1662573181,xI6ph__1wnc,4935,1662566757,6426,Chillin' today | Talk with Angela from TikTok tonight at 2000 EDT,https://youtu.be/xI6ph__1wnc?t=6426
1662573241,xI6ph__1wnc,4925,1662566757,6486,Chillin' today | Talk with Angela from TikTok tonight at 2000 EDT,https://youtu.be/xI6ph__1wnc?t=6486
1662573301,xI6ph__1wnc,4951,1662566757,6546,Chillin' today | Talk with Angela from TikTok tonight at 2000 EDT,https://youtu.be/xI6ph__1wnc?t=6546
1662573360,xI6ph__1wnc,5005,1662566757,6605,Chillin' today | Talk with Angela from TikTok tonight at 2000 EDT,https://youtu.be/xI6ph__1wnc?t=6605
1662573420,xI6ph__1wnc,5005,1662566757,6605,Chillin' today | Talk with Angela from TikTok tonight at 2000 EDT,https://youtu.be/xI6ph__1wnc?t=6605
1662573420,xI6ph__1wnc,5063,1662566757,6665,Chillin' today | Talk with Angela from TikTok tonight at 2000 EDT,https://youtu.be/xI6ph__1wnc?t=6665
1662573482,xI6ph__1wnc,5048,1662566757,6726,Chillin' today | Talk with Angela from TikTok tonight at 2000 EDT,https://youtu.be/xI6ph__1wnc?t=6726
1662573541,xI6ph__1wnc,5056,1662566757,6786,Chillin' today | Talk with Angela from TikTok tonight at 2000 EDT,https://youtu.be/xI6ph__1wnc?t=6786
1662573601,xI6ph__1wnc,5076,1662566757,6846,Chillin' today | Talk with Angela from TikTok tonight at 2000 EDT,https://youtu.be/xI6ph__1wnc?t=6846
1662573661,xI6ph__1wnc,5096,1662566757,6906,Chillin' today | Talk with Angela from TikTok tonight at 2000 EDT,https://youtu.be/xI6ph__1wnc?t=6906
1662573721,xI6ph__1wnc,5090,1662566757,6966,Chillin' today | Talk with Angela from TikTok tonight at 2000 EDT,https://youtu.be/xI6ph__1wnc?t=6966
1662573781,xI6ph__1wnc,5151,1662566757,7025,Chillin' today | Talk with Angela from TikTok tonight at 2000 EDT,https://youtu.be/xI6ph__1wnc?t=7025
1662573842,xI6ph__1wnc,5158,1662566757,7087,Chillin' today | Talk with Angela from TikTok tonight at 2000 EDT,https://youtu.be/xI6ph__1wnc?t=7087
1662573900,xI6ph__1wnc,5195,1662566757,7145,Chillin' today | Talk with Angela from TikTok tonight at 2000 EDT,https://youtu.be/xI6ph__1wnc?t=7145
1662573961,xI6ph__1wnc,5195,1662566757,7206,Chillin' today | Talk with Angela from TikTok tonight at 2000 EDT,https://youtu.be/xI6ph__1wnc?t=7206
1662574021,xI6ph__1wnc,5142,1662566757,7266,Chillin' today | Talk with Angela from TikTok tonight at 2000 EDT,https://youtu.be/xI6ph__1wnc?t=7266
1662574081,xI6ph__1wnc,4875,1662566757,7326,Chillin' today | Talk with Angela from TikTok tonight at 2000 EDT,https://youtu.be/xI6ph__1wnc?t=7326
1662574141,xI6ph__1wnc,4746,1662566757,7386,Chillin' today | Talk with Angela from TikTok tonight at 2000 EDT,https://youtu.be/xI6ph__1wnc?t=7386
1662574201,xI6ph__1wnc,4742,1662566757,7446,Chillin' today | Talk with Angela from TikTok tonight at 2000 EDT,https://youtu.be/xI6ph__1wnc?t=7446
1662574261,xI6ph__1wnc,4794,1662566757,7506,Chillin' today | Talk with Angela from TikTok tonight at 2000 EDT,https://youtu.be/xI6ph__1wnc?t=7506
1662574321,xI6ph__1wnc,4769,1662566757,7566,Chillin' today | Talk with Angela from TikTok tonight at 2000 EDT,https://youtu.be/xI6ph__1wnc?t=7566
1662574381,xI6ph__1wnc,4838,1662566757,7626,Chillin' today | Talk with Angela from TikTok tonight at 2000 EDT,https://youtu.be/xI6ph__1wnc?t=7626
1662574440,xI6ph__1wnc,4837,1662566757,7685,Chillin' today | Talk with Angela from TikTok tonight at 2000 EDT,https://youtu.be/xI6ph__1wnc?t=7685
1662574501,xI6ph__1wnc,4879,1662566757,7746,Chillin' today | Talk with Angela from TikTok tonight at 2000 EDT,https://youtu.be/xI6ph__1wnc?t=7746
1662574560,xI6ph__1wnc,4869,1662566757,7805,Chillin' today | Talk with Angela from TikTok tonight at 2000 EDT,https://youtu.be/xI6ph__1wnc?t=7805
1662574621,xI6ph__1wnc,4885,1662566757,7865,Chillin' today | Talk with Angela from TikTok tonight at 2000 EDT,https://youtu.be/xI6ph__1wnc?t=7865
1662574681,xI6ph__1wnc,4886,1662566757,7926,Chillin' today | Talk with Angela from TikTok tonight at 2000 EDT,https://youtu.be/xI6ph__1wnc?t=7926
1662574740,xI6ph__1wnc,4912,1662566757,7985,Chillin' today | Talk with Angela from TikTok tonight at 2000 EDT,https://youtu.be/xI6ph__1wnc?t=7985
1662574801,xI6ph__1wnc,4902,1662566757,8046,Chillin' today | Talk with Angela from TikTok tonight at 2000 EDT,https://youtu.be/xI6ph__1wnc?t=8046
1662574860,xI6ph__1wnc,4933,1662566757,8105,Chillin' today | Talk with Angela from TikTok tonight at 2000 EDT,https://youtu.be/xI6ph__1wnc?t=8105
1662574920,xI6ph__1wnc,5004,1662566757,8165,Chillin' today | Talk with Angela from TikTok tonight at 2000 EDT,https://youtu.be/xI6ph__1wnc?t=8165
1662574980,xI6ph__1wnc,5020,1662566757,8225,Chillin' today | Talk with Angela from TikTok tonight at 2000 EDT,https://youtu.be/xI6ph__1wnc?t=8225
1662575041,xI6ph__1wnc,5025,1662566757,8286,Chillin' today | Talk with Angela from TikTok tonight at 2000 EDT,https://youtu.be/xI6ph__1wnc?t=8286
1662575100,xI6ph__1wnc,4976,1662566757,8345,Chillin' today | Talk with Angela from TikTok tonight at 2000 EDT,https://youtu.be/xI6ph__1wnc?t=8345
1662575160,xI6ph__1wnc,4990,1662566757,8405,Chillin' today | Talk with Angela from TikTok tonight at 2000 EDT,https://youtu.be/xI6ph__1wnc?t=8405
1662575222,xI6ph__1wnc,5030,1662566757,8467,Chillin' today | Talk with Angela from TikTok tonight at 2000 EDT,https://youtu.be/xI6ph__1wnc?t=8467
1662575281,xI6ph__1wnc,5062,1662566757,8526,Chillin' today | Talk with Angela from TikTok tonight at 2000 EDT,https://youtu.be/xI6ph__1wnc?t=8526
1662575341,xI6ph__1wnc,5030,1662566757,8586,Chillin' today | Talk with Angela from TikTok tonight at 2000 EDT,https://youtu.be/xI6ph__1wnc?t=8586
1662575401,xI6ph__1wnc,5047,1662566757,8646,Chillin' today | Talk with Angela from TikTok tonight at 2000 EDT,https://youtu.be/xI6ph__1wnc?t=8646
1662575461,xI6ph__1wnc,5014,1662566757,8706,Chillin' today | Talk with Angela from TikTok tonight at 2000 EDT,https://youtu.be/xI6ph__1wnc?t=8706
1662575521,xI6ph__1wnc,5004,1662566757,8765,Chillin' today | Talk with Angela from TikTok tonight at 2000 EDT,https://youtu.be/xI6ph__1wnc?t=8765
1662575581,xI6ph__1wnc,5022,1662566757,8826,Chillin' today | Talk with Angela from TikTok tonight at 2000 EDT,https://youtu.be/xI6ph__1wnc?t=8826
1662575640,xI6ph__1wnc,5085,1662566757,8885,Chillin' today | Talk with Angela from TikTok tonight at 2000 EDT,https://youtu.be/xI6ph__1wnc?t=8885
1662575701,xI6ph__1wnc,5124,1662566757,8946,Chillin' today | Talk with Angela from TikTok tonight at 2000 EDT,https://youtu.be/xI6ph__1wnc?t=8946
1662575761,xI6ph__1wnc,5182,1662566757,9006,Chillin' today | Talk with Angela from TikTok tonight at 2000 EDT,https://youtu.be/xI6ph__1wnc?t=9006
1662575820,xI6ph__1wnc,5197,1662566757,9065,Chillin' today | Talk with Angela from TikTok tonight at 2000 EDT,https://youtu.be/xI6ph__1wnc?t=9065
1662575880,xI6ph__1wnc,5202,1662566757,9125,Chillin' today | Talk with Angela from TikTok tonight at 2000 EDT,https://youtu.be/xI6ph__1wnc?t=9125
1662575941,xI6ph__1wnc,5190,1662566757,9185,Chillin' today | Talk with Angela from TikTok tonight at 2000 EDT,https://youtu.be/xI6ph__1wnc?t=9185
1662576001,xI6ph__1wnc,5283,1662566757,9246,Chillin' today | Talk with Angela from TikTok tonight at 2000 EDT,https://youtu.be/xI6ph__1wnc?t=9246
1662576060,xI6ph__1wnc,5302,1662566757,9305,Chillin' today | Talk with Angela from TikTok tonight at 2000 EDT,https://youtu.be/xI6ph__1wnc?t=9305
1662576121,xI6ph__1wnc,5319,1662566757,9366,Chillin' today | Talk with Angela from TikTok tonight at 2000 EDT,https://youtu.be/xI6ph__1wnc?t=9366
1662576180,xI6ph__1wnc,5353,1662566757,9425,Chillin' today | Talk with Angela from TikTok tonight at 2000 EDT,https://youtu.be/xI6ph__1wnc?t=9425
1662576240,xI6ph__1wnc,5392,1662566757,9485,Chillin' today | Talk with Angela from TikTok tonight at 2000 EDT,https://youtu.be/xI6ph__1wnc?t=9485
1662576300,xI6ph__1wnc,5387,1662566757,9545,Chillin' today | Talk with Angela from TikTok tonight at 2000 EDT,https://youtu.be/xI6ph__1wnc?t=9545
1662576360,xI6ph__1wnc,5363,1662566757,9605,Chillin' today | Talk with Angela from TikTok tonight at 2000 EDT,https://youtu.be/xI6ph__1wnc?t=9605
1662576422,xI6ph__1wnc,5361,1662566757,9667,Chillin' today | Talk with Angela from TikTok tonight at 2000 EDT,https://youtu.be/xI6ph__1wnc?t=9667
1662576481,xI6ph__1wnc,5375,1662566757,9726,Chillin' today | Talk with Angela from TikTok tonight at 2000 EDT,https://youtu.be/xI6ph__1wnc?t=9726
1662576540,xI6ph__1wnc,5354,1662566757,9785,Chillin' today | Talk with Angela from TikTok tonight at 2000 EDT,https://youtu.be/xI6ph__1wnc?t=9785
1662576600,xI6ph__1wnc,5363,1662566757,9845,Chillin' today | Talk with Angela from TikTok tonight at 2000 EDT,https://youtu.be/xI6ph__1wnc?t=9845
1662576661,xI6ph__1wnc,5370,1662566757,9906,Chillin' today | Talk with Angela from TikTok tonight at 2000 EDT,https://youtu.be/xI6ph__1wnc?t=9906
1662576721,xI6ph__1wnc,5377,1662566757,9966,Chillin' today | Talk with Angela from TikTok tonight at 2000 EDT,https://youtu.be/xI6ph__1wnc?t=9966
1662576780,xI6ph__1wnc,5398,1662566757,10025,Chillin' today | Talk with Angela from TikTok tonight at 2000 EDT,https://youtu.be/xI6ph__1wnc?t=10025
1662576841,xI6ph__1wnc,5357,1662566757,10086,Chillin' today | Talk with Angela from TikTok tonight at 2000 EDT,https://youtu.be/xI6ph__1wnc?t=10086
1662576900,xI6ph__1wnc,5362,1662566757,10145,Chillin' today | Talk with Angela from TikTok tonight at 2000 EDT,https://youtu.be/xI6ph__1wnc?t=10145
1662576961,xI6ph__1wnc,5342,1662566757,10206,Chillin' today | Talk with Angela from TikTok tonight at 2000 EDT,https://youtu.be/xI6ph__1wnc?t=10206
1662577020,xI6ph__1wnc,5322,1662566757,10265,Chillin' today | Talk with Angela from TikTok tonight at 2000 EDT,https://youtu.be/xI6ph__1wnc?t=10265
1662577081,xI6ph__1wnc,5321,1662566757,10326,Chillin' today | Talk with Angela from TikTok tonight at 2000 EDT,https://youtu.be/xI6ph__1wnc?t=10326
1662577140,xI6ph__1wnc,5350,1662566757,10385,Chillin' today | Talk with Angela from TikTok tonight at 2000 EDT,https://youtu.be/xI6ph__1wnc?t=10385
1662577201,xI6ph__1wnc,5358,1662566757,10446,Chillin' today | Talk with Angela from TikTok tonight at 2000 EDT,https://youtu.be/xI6ph__1wnc?t=10446
1662577260,xI6ph__1wnc,5302,1662566757,10505,Chillin' today | Talk with Angela from TikTok tonight at 2000 EDT,https://youtu.be/xI6ph__1wnc?t=10505
1662577320,xI6ph__1wnc,5303,1662566757,10565,Chillin' today | Talk with Angela from TikTok tonight at 2000 EDT,https://youtu.be/xI6ph__1wnc?t=10565
1662577381,xI6ph__1wnc,5316,1662566757,10626,Chillin' today | Talk with Angela from TikTok tonight at 2000 EDT,https://youtu.be/xI6ph__1wnc?t=10626
1662577440,xI6ph__1wnc,5271,1662566757,10685,Chillin' today | Talk with Angela from TikTok tonight at 2000 EDT,https://youtu.be/xI6ph__1wnc?t=10685
1662577501,xI6ph__1wnc,5282,1662566757,10746,Chillin' today | Talk with Angela from TikTok tonight at 2000 EDT,https://youtu.be/xI6ph__1wnc?t=10746
1662577561,xI6ph__1wnc,5274,1662566757,10806,Chillin' today | Talk with Angela from TikTok tonight at 2000 EDT,https://youtu.be/xI6ph__1wnc?t=10806
1662577621,xI6ph__1wnc,5215,1662566757,10866,Chillin' today | Talk with Angela from TikTok tonight at 2000 EDT,https://youtu.be/xI6ph__1wnc?t=10866
1662577681,xI6ph__1wnc,5254,1662566757,10926,Chillin' today | Talk with Angela from TikTok tonight at 2000 EDT,https://youtu.be/xI6ph__1wnc?t=10926
1662577740,xI6ph__1wnc,5256,1662566757,10985,Chillin' today | Talk with Angela from TikTok tonight at 2000 EDT,https://youtu.be/xI6ph__1wnc?t=10985
1662577801,xI6ph__1wnc,5268,1662566757,11046,Chillin' today | Talk with Angela from TikTok tonight at 2000 EDT,https://youtu.be/xI6ph__1wnc?t=11046
1662577861,xI6ph__1wnc,5231,1662566757,11106,Chillin' today | Talk with Angela from TikTok tonight at 2000 EDT,https://youtu.be/xI6ph__1wnc?t=11106
1662577920,xI6ph__1wnc,5135,1662566757,11165,Chillin' today | Talk with Angela from TikTok tonight at 2000 EDT,https://youtu.be/xI6ph__1wnc?t=11165
1662577981,xI6ph__1wnc,5092,1662566757,11226,Chillin' today | Talk with Angela from TikTok tonight at 2000 EDT,https://youtu.be/xI6ph__1wnc?t=11226
1662578040,xI6ph__1wnc,5055,1662566757,11285,Chillin' today | Talk with Angela from TikTok tonight at 2000 EDT,https://youtu.be/xI6ph__1wnc?t=11285
1662578101,xI6ph__1wnc,5021,1662566757,11346,Chillin' today | Talk with Angela from TikTok tonight at 2000 EDT,https://youtu.be/xI6ph__1wnc?t=11346
1662578160,xI6ph__1wnc,5030,1662566757,11405,Chillin' today | Talk with Angela from TikTok tonight at 2000 EDT,https://youtu.be/xI6ph__1wnc?t=11405
1662578221,xI6ph__1wnc,5030,1662566757,11466,Chillin' today | Talk with Angela from TikTok tonight at 2000 EDT,https://youtu.be/xI6ph__1wnc?t=11466
1662578281,xI6ph__1wnc,5066,1662566757,11526,Chillin' today | Talk with Angela from TikTok tonight at 2000 EDT,https://youtu.be/xI6ph__1wnc?t=11526
1662578340,xI6ph__1wnc,5100,1662566757,11585,Chillin' today | Talk with Angela from TikTok tonight at 2000 EDT,https://youtu.be/xI6ph__1wnc?t=11585
1662578401,xI6ph__1wnc,5140,1662566757,11646,Chillin' today | Talk with Angela from TikTok tonight at 2000 EDT,https://youtu.be/xI6ph__1wnc?t=11646
1662578460,xI6ph__1wnc,5154,1662566757,11705,Chillin' today | Talk with Angela from TikTok tonight at 2000 EDT,https://youtu.be/xI6ph__1wnc?t=11705
1662578520,xI6ph__1wnc,5085,1662566757,11765,Chillin' today | Talk with Angela from TikTok tonight at 2000 EDT,https://youtu.be/xI6ph__1wnc?t=11765
1662578581,xI6ph__1wnc,5065,1662566757,11826,Chillin' today | Talk with Angela from TikTok tonight at 2000 EDT,https://youtu.be/xI6ph__1wnc?t=11826
1662578640,xI6ph__1wnc,5074,1662566757,11885,Chillin' today | Talk with Angela from TikTok tonight at 2000 EDT,https://youtu.be/xI6ph__1wnc?t=11885
1662578701,xI6ph__1wnc,5119,1662566757,11946,Chillin' today | Talk with Angela from TikTok tonight at 2000 EDT,https://youtu.be/xI6ph__1wnc?t=11946
1662578761,xI6ph__1wnc,5078,1662566757,12006,Chillin' today | Talk with Angela from TikTok tonight at 2000 EDT,https://youtu.be/xI6ph__1wnc?t=12006
1662578821,xI6ph__1wnc,5096,1662566757,12066,Chillin' today | Talk with Angela from TikTok tonight at 2000 EDT,https://youtu.be/xI6ph__1wnc?t=12066
1662578881,xI6ph__1wnc,5114,1662566757,12126,Chillin' today | Talk with Angela from TikTok tonight at 2000 EDT,https://youtu.be/xI6ph__1wnc?t=12126
1662578941,xI6ph__1wnc,5046,1662566757,12186,Chillin' today | Talk with Angela from TikTok tonight at 2000 EDT,https://youtu.be/xI6ph__1wnc?t=12186
1662579000,xI6ph__1wnc,5057,1662566757,12245,Chillin' today | Talk with Angela from TikTok tonight at 2000 EDT,https://youtu.be/xI6ph__1wnc?t=12245
1662579061,xI6ph__1wnc,5110,1662566757,12306,Chillin' today | Talk with Angela from TikTok tonight at 2000 EDT,https://youtu.be/xI6ph__1wnc?t=12306
1662579121,xI6ph__1wnc,5136,1662566757,12366,Chillin' today | Talk with Angela from TikTok tonight at 2000 EDT,https://youtu.be/xI6ph__1wnc?t=12366
1662579181,xI6ph__1wnc,5201,1662566757,12426,Chillin' today | Talk with Angela from TikTok tonight at 2000 EDT,https://youtu.be/xI6ph__1wnc?t=12426
1662579240,xI6ph__1wnc,5252,1662566757,12485,Chillin' today | Talk with Angela from TikTok tonight at 2000 EDT,https://youtu.be/xI6ph__1wnc?t=12485
1662579301,xI6ph__1wnc,5304,1662566757,12546,Chillin' today | Talk with Angela from TikTok tonight at 2000 EDT,https://youtu.be/xI6ph__1wnc?t=12546
1662579361,xI6ph__1wnc,5396,1662566757,12606,Chillin' today | Talk with Angela from TikTok tonight at 2000 EDT,https://youtu.be/xI6ph__1wnc?t=12606
1662579421,xI6ph__1wnc,5438,1662566757,12666,Chillin' today | Talk with Angela from TikTok tonight at 2000 EDT,https://youtu.be/xI6ph__1wnc?t=12666
1662579480,xI6ph__1wnc,5503,1662566757,12725,Chillin' today | Talk with Angela from TikTok tonight at 2000 EDT,https://youtu.be/xI6ph__1wnc?t=12725
1662579541,xI6ph__1wnc,5528,1662566757,12786,Chillin' today | Talk with Angela from TikTok tonight at 2000 EDT,https://youtu.be/xI6ph__1wnc?t=12786
1662579600,xI6ph__1wnc,5567,1662566757,12845,Chillin' today | Talk with Angela from TikTok tonight at 2000 EDT,https://youtu.be/xI6ph__1wnc?t=12845
1662579661,xI6ph__1wnc,5507,1662566757,12906,Chillin' today | Talk with Angela from TikTok tonight at 2000 EDT,https://youtu.be/xI6ph__1wnc?t=12906
1662579720,xI6ph__1wnc,5586,1662566757,12965,Chillin' today | Talk with Angela from TikTok tonight at 2000 EDT,https://youtu.be/xI6ph__1wnc?t=12965
1662579781,xI6ph__1wnc,5599,1662566757,13026,Chillin' today | Talk with Angela from TikTok tonight at 2000 EDT,https://youtu.be/xI6ph__1wnc?t=13026
1662579841,xI6ph__1wnc,5623,1662566757,13086,Chillin' today | Talk with Angela from TikTok tonight at 2000 EDT,https://youtu.be/xI6ph__1wnc?t=13086
1662579901,xI6ph__1wnc,5670,1662566757,13146,Chillin' today | Talk with Angela from TikTok tonight at 2000 EDT,https://youtu.be/xI6ph__1wnc?t=13146
1662579960,xI6ph__1wnc,5654,1662566757,13205,Chillin' today | Talk with Angela from TikTok tonight at 2000 EDT,https://youtu.be/xI6ph__1wnc?t=13205
1662580020,xI6ph__1wnc,5663,1662566757,13265,Chillin' today | Talk with Angela from TikTok tonight at 2000 EDT,https://youtu.be/xI6ph__1wnc?t=13265
1662580080,xI6ph__1wnc,5693,1662566757,13325,Chillin' today | Talk with Angela from TikTok tonight at 2000 EDT,https://youtu.be/xI6ph__1wnc?t=13325
1662580140,xI6ph__1wnc,5720,1662566757,13385,Chillin' today | Talk with Angela from TikTok tonight at 2000 EDT,https://youtu.be/xI6ph__1wnc?t=13385
1662580201,xI6ph__1wnc,5704,1662566757,13446,Chillin' today | Talk with Angela from TikTok tonight at 2000 EDT,https://youtu.be/xI6ph__1wnc?t=13446
1662580260,xI6ph__1wnc,5748,1662566757,13505,Chillin' today | Talk with Angela from TikTok tonight at 2000 EDT,https://youtu.be/xI6ph__1wnc?t=13505
1662580320,xI6ph__1wnc,5724,1662566757,13565,Chillin' today | Talk with Angela from TikTok tonight at 2000 EDT,https://youtu.be/xI6ph__1wnc?t=13565
1662580381,xI6ph__1wnc,5754,1662566757,13626,Chillin' today | Talk with Angela from TikTok tonight at 2000 EDT,https://youtu.be/xI6ph__1wnc?t=13626
1662580440,xI6ph__1wnc,5741,1662566757,13685,Chillin' today | Talk with Angela from TikTok tonight at 2000 EDT,https://youtu.be/xI6ph__1wnc?t=13685
1662580500,xI6ph__1wnc,5710,1662566757,13745,Chillin' today | Talk with Angela from TikTok tonight at 2000 EDT,https://youtu.be/xI6ph__1wnc?t=13745
1662580561,xI6ph__1wnc,5760,1662566757,13806,Chillin' today | Talk with Angela from TikTok tonight at 2000 EDT,https://youtu.be/xI6ph__1wnc?t=13806
1662580620,xI6ph__1wnc,5743,1662566757,13865,Chillin' today | Talk with Angela from TikTok tonight at 2000 EDT,https://youtu.be/xI6ph__1wnc?t=13865
1662580680,xI6ph__1wnc,5728,1662566757,13925,Chillin' today | Talk with Angela from TikTok tonight at 2000 EDT,https://youtu.be/xI6ph__1wnc?t=13925
1662580741,xI6ph__1wnc,5737,1662566757,13986,Chillin' today | Talk with Angela from TikTok tonight at 2000 EDT,https://youtu.be/xI6ph__1wnc?t=13986
1662580801,xI6ph__1wnc,5715,1662566757,14046,Chillin' today | Talk with Angela from TikTok tonight at 2000 EDT,https://youtu.be/xI6ph__1wnc?t=14046
1662580860,xI6ph__1wnc,5741,1662566757,14105,Chillin' today | Talk with Angela from TikTok tonight at 2000 EDT,https://youtu.be/xI6ph__1wnc?t=14105
1662580921,xI6ph__1wnc,5715,1662566757,14166,Chillin' today | Talk with Angela from TikTok tonight at 2000 EDT,https://youtu.be/xI6ph__1wnc?t=14166
1662580981,xI6ph__1wnc,5693,1662566757,14226,Chillin' today | Talk with Angela from TikTok tonight at 2000 EDT,https://youtu.be/xI6ph__1wnc?t=14226
1662581041,xI6ph__1wnc,5666,1662566757,14286,Chillin' today | Talk with Angela from TikTok tonight at 2000 EDT,https://youtu.be/xI6ph__1wnc?t=14286
1662581101,xI6ph__1wnc,5688,1662566757,14346,Chillin' today | Talk with Angela from TikTok tonight at 2000 EDT,https://youtu.be/xI6ph__1wnc?t=14346
1662581160,xI6ph__1wnc,5668,1662566757,14405,Chillin' today | Talk with Angela from TikTok tonight at 2000 EDT,https://youtu.be/xI6ph__1wnc?t=14405
1662581220,xI6ph__1wnc,5655,1662566757,14465,Chillin' today | Talk with Angela from TikTok tonight at 2000 EDT,https://youtu.be/xI6ph__1wnc?t=14465
1662581280,xI6ph__1wnc,5643,1662566757,14526,Chillin' today | Talk with Angela from TikTok tonight at 2000 EDT,https://youtu.be/xI6ph__1wnc?t=14526
1662581341,xI6ph__1wnc,5652,1662566757,14586,Chillin' today | Talk with Angela from TikTok tonight at 2000 EDT,https://youtu.be/xI6ph__1wnc?t=14586
1662581401,xI6ph__1wnc,5683,1662566757,14646,Chillin' today | Talk with Angela from TikTok tonight at 2000 EDT,https://youtu.be/xI6ph__1wnc?t=14646
1662581460,xI6ph__1wnc,5703,1662566757,14705,Chillin' today | Talk with Angela from TikTok tonight at 2000 EDT,https://youtu.be/xI6ph__1wnc?t=14705
1662581521,xI6ph__1wnc,5664,1662566757,14766,Chillin' today | Talk with Angela from TikTok tonight at 2000 EDT,https://youtu.be/xI6ph__1wnc?t=14766
1662581581,xI6ph__1wnc,5324,1662566757,14826,Chillin' today | Talk with Angela from TikTok tonight at 2000 EDT,https://youtu.be/xI6ph__1wnc?t=14826
1662581640,xI6ph__1wnc,5053,1662566757,14885,Chillin' today | Talk with Angela from TikTok tonight at 2000 EDT,https://youtu.be/xI6ph__1wnc?t=14885
1662581700,xI6ph__1wnc,4889,1662566757,14945,Chillin' today | Talk with Angela from TikTok tonight at 2000 EDT,https://youtu.be/xI6ph__1wnc?t=14945
1662581760,xI6ph__1wnc,4794,1662566757,15005,Chillin' today | Talk with Angela from TikTok tonight at 2000 EDT,https://youtu.be/xI6ph__1wnc?t=15005
1662581821,xI6ph__1wnc,4849,1662566757,15066,Chillin' today | Talk with Angela from TikTok tonight at 2000 EDT,https://youtu.be/xI6ph__1wnc?t=15066
1662581880,xI6ph__1wnc,4756,1662566757,15125,Chillin' today | Talk with Angela from TikTok tonight at 2000 EDT,https://youtu.be/xI6ph__1wnc?t=15125
1662581940,xI6ph__1wnc,4686,1662566757,15185,Chillin' today | Talk with Angela from TikTok tonight at 2000 EDT,https://youtu.be/xI6ph__1wnc?t=15185
1662582003,xI6ph__1wnc,4628,1662566757,15248,Chillin' today | Talk with Angela from TikTok tonight at 2000 EDT,https://youtu.be/xI6ph__1wnc?t=15248
1662582061,xI6ph__1wnc,4537,1662566757,15306,Chillin' today | Talk with Angela from TikTok tonight at 2000 EDT,https://youtu.be/xI6ph__1wnc?t=15306
1662582121,xI6ph__1wnc,4573,1662566757,15366,Chillin' today | Talk with Angela from TikTok tonight at 2000 EDT,https://youtu.be/xI6ph__1wnc?t=15366
1662582180,xI6ph__1wnc,4407,1662566757,15425,Chillin' today | Talk with Angela from TikTok tonight at 2000 EDT,https://youtu.be/xI6ph__1wnc?t=15425
1662582240,xI6ph__1wnc,4531,1662566757,15485,Chillin' today | Talk with Angela from TikTok tonight at 2000 EDT,https://youtu.be/xI6ph__1wnc?t=15485
1662582301,xI6ph__1wnc,4656,1662566757,15546,Chillin' today | Talk with Angela from TikTok tonight at 2000 EDT,https://youtu.be/xI6ph__1wnc?t=15546
1662582361,xI6ph__1wnc,4682,1662566757,15606,Chillin' today | Talk with Angela from TikTok tonight at 2000 EDT,https://youtu.be/xI6ph__1wnc?t=15606
1662582420,xI6ph__1wnc,4769,1662566757,15665,Chillin' today | Talk with Angela from TikTok tonight at 2000 EDT,https://youtu.be/xI6ph__1wnc?t=15665
1662582480,xI6ph__1wnc,4798,1662566757,15725,Chillin' today | Talk with Angela from TikTok tonight at 2000 EDT,https://youtu.be/xI6ph__1wnc?t=15725
1662582540,xI6ph__1wnc,4794,1662566757,15785,Chillin' today | Talk with Angela from TikTok tonight at 2000 EDT,https://youtu.be/xI6ph__1wnc?t=15785
1662582601,xI6ph__1wnc,4810,1662566757,15846,Chillin' today | Talk with Angela from TikTok tonight at 2000 EDT,https://youtu.be/xI6ph__1wnc?t=15846
1662582660,xI6ph__1wnc,4790,1662566757,15905,Chillin' today | Talk with Angela from TikTok tonight at 2000 EDT,https://youtu.be/xI6ph__1wnc?t=15905
1662582720,xI6ph__1wnc,4791,1662566757,15965,Chillin' today | Talk with Angela from TikTok tonight at 2000 EDT,https://youtu.be/xI6ph__1wnc?t=15965
1662582780,xI6ph__1wnc,4729,1662566757,16025,Chillin' today | Talk with Angela from TikTok tonight at 2000 EDT,https://youtu.be/xI6ph__1wnc?t=16025
1662582840,xI6ph__1wnc,4726,1662566757,16085,Chillin' today | Talk with Angela from TikTok tonight at 2000 EDT,https://youtu.be/xI6ph__1wnc?t=16085
1662582901,xI6ph__1wnc,4672,1662566757,16146,Chillin' today | Talk with Angela from TikTok tonight at 2000 EDT,https://youtu.be/xI6ph__1wnc?t=16146
1662582960,xI6ph__1wnc,4626,1662566757,16205,Chillin' today | Talk with Angela from TikTok tonight at 2000 EDT,https://youtu.be/xI6ph__1wnc?t=16205
1662583020,xI6ph__1wnc,4585,1662566757,16265,Chillin' today | Talk with Angela from TikTok tonight at 2000 EDT,https://youtu.be/xI6ph__1wnc?t=16265
1662583081,xI6ph__1wnc,4572,1662566757,16326,Chillin' today | Talk with Angela from TikTok tonight at 2000 EDT,https://youtu.be/xI6ph__1wnc?t=16326
1662583140,xI6ph__1wnc,4423,1662566757,16385,Chillin' today | Talk with Angela from TikTok tonight at 2000 EDT,https://youtu.be/xI6ph__1wnc?t=16385
1662583200,xI6ph__1wnc,4421,1662566757,16445,Chillin' today | Talk with Angela from TikTok tonight at 2000 EDT,https://youtu.be/xI6ph__1wnc?t=16445
1662583261,xI6ph__1wnc,4405,1662566757,16506,Chillin' today | Talk with Angela from TikTok tonight at 2000 EDT,https://youtu.be/xI6ph__1wnc?t=16506
1662583320,xI6ph__1wnc,4389,1662566757,16565,Chillin' today | Talk with Angela from TikTok tonight at 2000 EDT,https://youtu.be/xI6ph__1wnc?t=16565
1662583380,xI6ph__1wnc,4338,1662566757,16625,Chillin' today | Talk with Angela from TikTok tonight at 2000 EDT,https://youtu.be/xI6ph__1wnc?t=16625
1662583442,xI6ph__1wnc,4341,1662566757,16687,Chillin' today | Talk with Angela from TikTok tonight at 2000 EDT,https://youtu.be/xI6ph__1wnc?t=16687
1662583500,xI6ph__1wnc,4322,1662566757,16745,Chillin' today | Talk with Angela from TikTok tonight at 2000 EDT,https://youtu.be/xI6ph__1wnc?t=16745
1662583561,xI6ph__1wnc,4314,1662566757,16806,Chillin' today | Talk with Angela from TikTok tonight at 2000 EDT,https://youtu.be/xI6ph__1wnc?t=16806
1662583621,xI6ph__1wnc,4310,1662566757,16866,Chillin' today | Talk with Angela from TikTok tonight at 2000 EDT,https://youtu.be/xI6ph__1wnc?t=16866
1662583681,xI6ph__1wnc,4262,1662566757,16926,Chillin' today | Talk with Angela from TikTok tonight at 2000 EDT,https://youtu.be/xI6ph__1wnc?t=16926
1662583741,xI6ph__1wnc,4190,1662566757,16986,Chillin' today | Talk with Angela from TikTok tonight at 2000 EDT,https://youtu.be/xI6ph__1wnc?t=16986
1662583801,xI6ph__1wnc,4212,1662566757,17046,Chillin' today | Talk with Angela from TikTok tonight at 2000 EDT,https://youtu.be/xI6ph__1wnc?t=17046
1662583860,xI6ph__1wnc,4216,1662566757,17105,Chillin' today | Talk with Angela from TikTok tonight at 2000 EDT,https://youtu.be/xI6ph__1wnc?t=17105
1662583921,xI6ph__1wnc,4182,1662566757,17166,Chillin' today | Talk with Angela from TikTok tonight at 2000 EDT,https://youtu.be/xI6ph__1wnc?t=17166
1662583981,xI6ph__1wnc,4093,1662566757,17226,Chillin' today | Talk with Angela from TikTok tonight at 2000 EDT,https://youtu.be/xI6ph__1wnc?t=17226
1662584040,xI6ph__1wnc,4049,1662566757,17285,Chillin' today | Talk with Angela from TikTok tonight at 2000 EDT,https://youtu.be/xI6ph__1wnc?t=17285
1662584102,xI6ph__1wnc,4059,1662566757,17347,Chillin' today | Talk with Angela from TikTok tonight at 2000 EDT,https://youtu.be/xI6ph__1wnc?t=17347
1662584160,xI6ph__1wnc,4063,1662566757,17406,Chillin' today | Talk with Angela from TikTok tonight at 2000 EDT,https://youtu.be/xI6ph__1wnc?t=17406
1662584221,xI6ph__1wnc,4116,1662566757,17466,Chillin' today | Talk with Angela from TikTok tonight at 2000 EDT,https://youtu.be/xI6ph__1wnc?t=17466
1662584280,xI6ph__1wnc,4078,1662566757,17525,Chillin' today | Talk with Angela from TikTok tonight at 2000 EDT,https://youtu.be/xI6ph__1wnc?t=17525
1662584341,xI6ph__1wnc,4226,1662566757,17586,Chillin' today | Talk with Angela from TikTok tonight at 2000 EDT,https://youtu.be/xI6ph__1wnc?t=17586
1662584400,xI6ph__1wnc,4115,1662566757,17645,Chillin' today | Talk with Angela from TikTok tonight at 2000 EDT,https://youtu.be/xI6ph__1wnc?t=17645
1662584460,xI6ph__1wnc,3949,1662566757,17706,Chillin' today | Talk with Angela from TikTok tonight at 2000 EDT,https://youtu.be/xI6ph__1wnc?t=17706
1662584521,xI6ph__1wnc,3809,1662566757,17766,Chillin' today | Talk with Angela from TikTok tonight at 2000 EDT,https://youtu.be/xI6ph__1wnc?t=17766
1662584581,xI6ph__1wnc,3675,1662566757,17826,Chillin' today | Talk with Angela from TikTok tonight at 2000 EDT,https://youtu.be/xI6ph__1wnc?t=17826
1662584640,xI6ph__1wnc,3867,1662566757,17885,Chillin' today | Talk with Angela from TikTok tonight at 2000 EDT,https://youtu.be/xI6ph__1wnc?t=17885
1662584702,xI6ph__1wnc,3867,1662566757,17885,Chillin' today | Talk with Angela from TikTok tonight at 2000 EDT,https://youtu.be/xI6ph__1wnc?t=17885
1662584702,xI6ph__1wnc,3885,1662566757,17947,Chillin' today | Talk with Angela from TikTok tonight at 2000 EDT,https://youtu.be/xI6ph__1wnc?t=17947
1662584760,xI6ph__1wnc,3893,1662566757,18005,Chillin' today | Talk with Angela from TikTok tonight at 2000 EDT,https://youtu.be/xI6ph__1wnc?t=18005
1662584820,xI6ph__1wnc,3878,1662566757,18065,Chillin' today | Talk with Angela from TikTok tonight at 2000 EDT,https://youtu.be/xI6ph__1wnc?t=18065
1662584881,xI6ph__1wnc,3896,1662566757,18126,Chillin' today | Talk with Angela from TikTok tonight at 2000 EDT,https://youtu.be/xI6ph__1wnc?t=18126
1662584941,xI6ph__1wnc,3910,1662566757,18186,Chillin' today | Talk with Angela from TikTok tonight at 2000 EDT,https://youtu.be/xI6ph__1wnc?t=18186
1662585001,xI6ph__1wnc,3901,1662566757,18246,Chillin' today | Talk with Angela from TikTok tonight at 2000 EDT,https://youtu.be/xI6ph__1wnc?t=18246
1662585060,xI6ph__1wnc,3915,1662566757,18305,Chillin' today | Talk with Angela from TikTok tonight at 2000 EDT,https://youtu.be/xI6ph__1wnc?t=18305
1662585121,xI6ph__1wnc,3878,1662566757,18366,Chillin' today | Talk with Angela from TikTok tonight at 2000 EDT,https://youtu.be/xI6ph__1wnc?t=18366
1662585181,xI6ph__1wnc,3857,1662566757,18426,Chillin' today | Talk with Angela from TikTok tonight at 2000 EDT,https://youtu.be/xI6ph__1wnc?t=18426
1662585241,xI6ph__1wnc,3870,1662566757,18486,Chillin' today | Talk with Angela from TikTok tonight at 2000 EDT,https://youtu.be/xI6ph__1wnc?t=18486
1662585301,xI6ph__1wnc,3873,1662566757,18546,Chillin' today | Talk with Angela from TikTok tonight at 2000 EDT,https://youtu.be/xI6ph__1wnc?t=18546
1662585360,xI6ph__1wnc,3860,1662566757,18605,Chillin' today | Talk with Angela from TikTok tonight at 2000 EDT,https://youtu.be/xI6ph__1wnc?t=18605
1662585421,xI6ph__1wnc,3849,1662566757,18666,Chillin' today | Talk with Angela from TikTok tonight at 2000 EDT,https://youtu.be/xI6ph__1wnc?t=18666
1662585481,xI6ph__1wnc,3836,1662566757,18726,Chillin' today | Talk with Angela from TikTok tonight at 2000 EDT,https://youtu.be/xI6ph__1wnc?t=18726
1662585540,xI6ph__1wnc,3923,1662566757,18785,Chillin' today | Talk with Angela from TikTok tonight at 2000 EDT,https://youtu.be/xI6ph__1wnc?t=18785
1662585601,xI6ph__1wnc,3836,1662566757,18846,Chillin' today | Talk with Angela from TikTok tonight at 2000 EDT,https://youtu.be/xI6ph__1wnc?t=18846
1662585660,xI6ph__1wnc,3777,1662566757,18905,Chillin' today | Talk with Angela from TikTok tonight at 2000 EDT,https://youtu.be/xI6ph__1wnc?t=18905
1662585721,xI6ph__1wnc,3705,1662566757,18966,Chillin' today | Talk with Angela from TikTok tonight at 2000 EDT,https://youtu.be/xI6ph__1wnc?t=18966
1662585781,xI6ph__1wnc,3663,1662566757,19026,Chillin' today | Talk with Angela from TikTok tonight at 2000 EDT,https://youtu.be/xI6ph__1wnc?t=19026
1662585841,xI6ph__1wnc,3748,1662566757,19086,Chillin' today | Talk with Angela from TikTok tonight at 2000 EDT,https://youtu.be/xI6ph__1wnc?t=19086
1662585960,xI6ph__1wnc,3733,1662566757,19205,Chillin' today | Talk with Angela from TikTok tonight at 2000 EDT,https://youtu.be/xI6ph__1wnc?t=19205
1662586020,xI6ph__1wnc,3728,1662566757,19265,Chillin' today | Talk with Angela from TikTok tonight at 2000 EDT,https://youtu.be/xI6ph__1wnc?t=19265
1662586081,xI6ph__1wnc,3717,1662566757,19326,Chillin' today | Talk with Angela from TikTok tonight at 2000 EDT,https://youtu.be/xI6ph__1wnc?t=19326
1662586140,xI6ph__1wnc,3828,1662566757,19385,Chillin' today | Talk with Angela from TikTok tonight at 2000 EDT,https://youtu.be/xI6ph__1wnc?t=19385
1662586200,xI6ph__1wnc,3647,1662566757,19445,Chillin' today | Talk with Angela from TikTok tonight at 2000 EDT,https://youtu.be/xI6ph__1wnc?t=19445
1662586260,xI6ph__1wnc,3782,1662566757,19505,Chillin' today | Talk with Angela from TikTok tonight at 2000 EDT,https://youtu.be/xI6ph__1wnc?t=19505
1662586321,xI6ph__1wnc,3751,1662566757,19566,Chillin' today | Talk with Angela from TikTok tonight at 2000 EDT,https://youtu.be/xI6ph__1wnc?t=19566
1662586381,xI6ph__1wnc,3771,1662566757,19626,Chillin' today | Talk with Angela from TikTok tonight at 2000 EDT,https://youtu.be/xI6ph__1wnc?t=19626
1662586442,xI6ph__1wnc,3857,1662566757,19687,Chillin' today | Talk with Angela from TikTok tonight at 2000 EDT,https://youtu.be/xI6ph__1wnc?t=19687
1662586501,xI6ph__1wnc,3928,1662566757,19746,Chillin' today | Talk with Angela from TikTok tonight at 2000 EDT,https://youtu.be/xI6ph__1wnc?t=19746
1662586561,xI6ph__1wnc,4028,1662566757,19806,Chillin' today | Talk with Angela from TikTok tonight at 2000 EDT,https://youtu.be/xI6ph__1wnc?t=19806
1662586621,xI6ph__1wnc,4105,1662566757,19866,Chillin' today | Talk with Angela from TikTok tonight at 2000 EDT,https://youtu.be/xI6ph__1wnc?t=19866
1662586680,xI6ph__1wnc,4170,1662566757,19925,Chillin' today | Talk with Angela from TikTok tonight at 2000 EDT,https://youtu.be/xI6ph__1wnc?t=19925
1662586740,xI6ph__1wnc,4223,1662566757,19985,Chillin' today | Talk with Angela from TikTok tonight at 2000 EDT,https://youtu.be/xI6ph__1wnc?t=19985
1662586800,xI6ph__1wnc,4260,1662566757,20046,Chillin' today | Talk with Angela from TikTok tonight at 2000 EDT,https://youtu.be/xI6ph__1wnc?t=20046
1662586860,xI6ph__1wnc,4296,1662566757,20105,Chillin' today | Talk with Angela from TikTok tonight at 2000 EDT,https://youtu.be/xI6ph__1wnc?t=20105
1662586921,xI6ph__1wnc,4333,1662566757,20166,Chillin' today | Talk with Angela from TikTok tonight at 2000 EDT,https://youtu.be/xI6ph__1wnc?t=20166
1662586981,xI6ph__1wnc,4360,1662566757,20226,Chillin' today | Talk with Angela from TikTok tonight at 2000 EDT,https://youtu.be/xI6ph__1wnc?t=20226
1662587040,xI6ph__1wnc,4362,1662566757,20285,Chillin' today | Talk with Angela from TikTok tonight at 2000 EDT,https://youtu.be/xI6ph__1wnc?t=20285
1662587101,xI6ph__1wnc,4404,1662566757,20346,Chillin' today | Talk with Angela from TikTok tonight at 2000 EDT,https://youtu.be/xI6ph__1wnc?t=20346
1662587161,xI6ph__1wnc,4451,1662566757,20406,Chillin' today | Talk with Angela from TikTok tonight at 2000 EDT,https://youtu.be/xI6ph__1wnc?t=20406
1662587220,xI6ph__1wnc,4474,1662566757,20465,Chillin' today | Talk with Angela from TikTok tonight at 2000 EDT,https://youtu.be/xI6ph__1wnc?t=20465
1662587284,xI6ph__1wnc,4491,1662566757,20529,Chillin' today | Talk with Angela from TikTok tonight at 2000 EDT,https://youtu.be/xI6ph__1wnc?t=20529
1662587341,xI6ph__1wnc,4476,1662566757,20586,Chillin' today | Talk with Angela from TikTok tonight at 2000 EDT,https://youtu.be/xI6ph__1wnc?t=20586
1662587400,xI6ph__1wnc,4527,1662566757,20645,Chillin' today | Talk with Angela from TikTok tonight at 2000 EDT,https://youtu.be/xI6ph__1wnc?t=20645
1662587460,xI6ph__1wnc,4553,1662566757,20705,Chillin' today | Talk with Angela from TikTok tonight at 2000 EDT,https://youtu.be/xI6ph__1wnc?t=20705
1662587521,xI6ph__1wnc,4540,1662566757,20766,Chillin' today | Talk with Angela from TikTok tonight at 2000 EDT,https://youtu.be/xI6ph__1wnc?t=20766
1662587580,xI6ph__1wnc,4581,1662566757,20825,Chillin' today | Talk with Angela from TikTok tonight at 2000 EDT,https://youtu.be/xI6ph__1wnc?t=20825
1662587640,xI6ph__1wnc,4575,1662566757,20885,Chillin' today | Talk with Angela from TikTok tonight at 2000 EDT,https://youtu.be/xI6ph__1wnc?t=20885
1662587701,xI6ph__1wnc,4601,1662566757,20946,Chillin' today | Talk with Angela from TikTok tonight at 2000 EDT,https://youtu.be/xI6ph__1wnc?t=20946
1662587761,xI6ph__1wnc,4601,1662566757,21006,Chillin' today | Talk with Angela from TikTok tonight at 2000 EDT,https://youtu.be/xI6ph__1wnc?t=21006
1662587820,xI6ph__1wnc,4633,1662566757,21065,Chillin' today | Talk with Angela from TikTok tonight at 2000 EDT,https://youtu.be/xI6ph__1wnc?t=21065
1662587881,xI6ph__1wnc,4679,1662566757,21126,Chillin' today | Talk with Angela from TikTok tonight at 2000 EDT,https://youtu.be/xI6ph__1wnc?t=21126
1662587941,xI6ph__1wnc,4677,1662566757,21186,Chillin' today | Talk with Angela from TikTok tonight at 2000 EDT,https://youtu.be/xI6ph__1wnc?t=21186
1662588001,xI6ph__1wnc,4677,1662566757,21246,Chillin' today | Talk with Angela from TikTok tonight at 2000 EDT,https://youtu.be/xI6ph__1wnc?t=21246
1662588060,xI6ph__1wnc,4694,1662566757,21305,Chillin' today | Talk with Angela from TikTok tonight at 2000 EDT,https://youtu.be/xI6ph__1wnc?t=21305
1662588121,xI6ph__1wnc,4702,1662566757,21366,Chillin' today | Talk with Angela from TikTok tonight at 2000 EDT,https://youtu.be/xI6ph__1wnc?t=21366
1662588181,xI6ph__1wnc,4748,1662566757,21426,Chillin' today | Talk with Angela from TikTok tonight at 2000 EDT,https://youtu.be/xI6ph__1wnc?t=21426
1662588240,xI6ph__1wnc,4779,1662566757,21485,Chillin' today | Talk with Angela from TikTok tonight at 2000 EDT,https://youtu.be/xI6ph__1wnc?t=21485
1662588300,xI6ph__1wnc,4784,1662566757,21545,Chillin' today | Talk with Angela from TikTok tonight at 2000 EDT,https://youtu.be/xI6ph__1wnc?t=21545
1662588361,xI6ph__1wnc,4861,1662566757,21606,Chillin' today | Talk with Angela from TikTok tonight at 2000 EDT,https://youtu.be/xI6ph__1wnc?t=21606
1662588422,xI6ph__1wnc,4864,1662566757,21667,Chillin' today | Talk with Angela from TikTok tonight at 2000 EDT,https://youtu.be/xI6ph__1wnc?t=21667
1662588480,xI6ph__1wnc,4877,1662566757,21725,Chillin' today | Talk with Angela from TikTok tonight at 2000 EDT,https://youtu.be/xI6ph__1wnc?t=21725
1662588540,xI6ph__1wnc,4920,1662566757,21786,Chillin' today | Talk with Angela from TikTok tonight at 2000 EDT,https://youtu.be/xI6ph__1wnc?t=21786
1662588601,xI6ph__1wnc,4945,1662566757,21846,Chillin' today | Talk with Angela from TikTok tonight at 2000 EDT,https://youtu.be/xI6ph__1wnc?t=21846
1662588660,xI6ph__1wnc,4957,1662566757,21905,Chillin' today | Talk with Angela from TikTok tonight at 2000 EDT,https://youtu.be/xI6ph__1wnc?t=21905
1662588720,xI6ph__1wnc,4956,1662566757,21965,Chillin' today | Talk with Angela from TikTok tonight at 2000 EDT,https://youtu.be/xI6ph__1wnc?t=21965
1662588781,xI6ph__1wnc,4993,1662566757,22026,Chillin' today | Talk with Angela from TikTok tonight at 2000 EDT,https://youtu.be/xI6ph__1wnc?t=22026
1662588840,xI6ph__1wnc,4955,1662566757,22085,Chillin' today | Talk with Angela from TikTok tonight at 2000 EDT,https://youtu.be/xI6ph__1wnc?t=22085
1662588901,xI6ph__1wnc,4975,1662566757,22146,Chillin' today | Talk with Angela from TikTok tonight at 2000 EDT,https://youtu.be/xI6ph__1wnc?t=22146
1662588961,xI6ph__1wnc,5009,1662566757,22206,Chillin' today | Talk with Angela from TikTok tonight at 2000 EDT,https://youtu.be/xI6ph__1wnc?t=22206
1662589021,xI6ph__1wnc,4982,1662566757,22266,Chillin' today | Talk with Angela from TikTok tonight at 2000 EDT,https://youtu.be/xI6ph__1wnc?t=22266
1662589080,xI6ph__1wnc,5052,1662566757,22325,Chillin' today | Talk with Angela from TikTok tonight at 2000 EDT,https://youtu.be/xI6ph__1wnc?t=22325
1662589140,xI6ph__1wnc,5028,1662566757,22385,Chillin' today | Talk with Angela from TikTok tonight at 2000 EDT,https://youtu.be/xI6ph__1wnc?t=22385
1662589200,xI6ph__1wnc,5036,1662566757,22445,Chillin' today | Talk with Angela from TikTok tonight at 2000 EDT,https://youtu.be/xI6ph__1wnc?t=22445
1662589261,xI6ph__1wnc,5108,1662566757,22506,Chillin' today | Talk with Angela from TikTok tonight at 2000 EDT,https://youtu.be/xI6ph__1wnc?t=22506
1662589321,xI6ph__1wnc,5104,1662566757,22566,Chillin' today | Talk with Angela from TikTok tonight at 2000 EDT,https://youtu.be/xI6ph__1wnc?t=22566
1662589380,xI6ph__1wnc,5157,1662566757,22625,Chillin' today | Talk with Angela from TikTok tonight at 2000 EDT,https://youtu.be/xI6ph__1wnc?t=22625
1662589441,xI6ph__1wnc,5120,1662566757,22686,Chillin' today | Talk with Angela from TikTok tonight at 2000 EDT,https://youtu.be/xI6ph__1wnc?t=22686
1662589500,xI6ph__1wnc,5140,1662566757,22745,Chillin' today | Talk with Angela from TikTok tonight at 2000 EDT,https://youtu.be/xI6ph__1wnc?t=22745
1662589561,xI6ph__1wnc,5198,1662566757,22806,Chillin' today | Talk with Angela from TikTok tonight at 2000 EDT,https://youtu.be/xI6ph__1wnc?t=22806
1662589621,xI6ph__1wnc,5191,1662566757,22866,Chillin' today | Talk with Angela from TikTok tonight at 2000 EDT,https://youtu.be/xI6ph__1wnc?t=22866
1662589680,xI6ph__1wnc,5195,1662566757,22925,Chillin' today | Talk with Angela from TikTok tonight at 2000 EDT,https://youtu.be/xI6ph__1wnc?t=22925
1662589741,xI6ph__1wnc,5219,1662566757,22986,Chillin' today | Talk with Angela from TikTok tonight at 2000 EDT,https://youtu.be/xI6ph__1wnc?t=22986
1662589803,xI6ph__1wnc,5147,1662566757,23048,Chillin' today | Talk with Angela from TikTok tonight at 2000 EDT,https://youtu.be/xI6ph__1wnc?t=23048
1662589861,xI6ph__1wnc,5140,1662566757,23106,Chillin' today | Talk with Angela from TikTok tonight at 2000 EDT,https://youtu.be/xI6ph__1wnc?t=23106
1662589920,xI6ph__1wnc,5131,1662566757,23165,Chillin' today | Talk with Angela from TikTok tonight at 2000 EDT,https://youtu.be/xI6ph__1wnc?t=23165
1662589981,xI6ph__1wnc,5131,1662566757,23165,Chillin' today | Talk with Angela from TikTok tonight at 2000 EDT,https://youtu.be/xI6ph__1wnc?t=23165
1662589981,xI6ph__1wnc,5147,1662566757,23226,Chillin' today | Talk with Angela from TikTok tonight at 2000 EDT,https://youtu.be/xI6ph__1wnc?t=23226
1662590042,xI6ph__1wnc,5113,1662566757,23287,Chillin' today | Talk with Angela from TikTok tonight at 2000 EDT,https://youtu.be/xI6ph__1wnc?t=23287
1662590101,xI6ph__1wnc,5107,1662566757,23346,Chillin' today | Talk with Angela from TikTok tonight at 2000 EDT,https://youtu.be/xI6ph__1wnc?t=23346
1662590160,xI6ph__1wnc,5094,1662566757,23405,Chillin' today | Talk with Angela from TikTok tonight at 2000 EDT,https://youtu.be/xI6ph__1wnc?t=23405
1662590220,xI6ph__1wnc,5095,1662566757,23465,Chillin' today | Talk with Angela from TikTok tonight at 2000 EDT,https://youtu.be/xI6ph__1wnc?t=23465
1662590281,xI6ph__1wnc,5096,1662566757,23526,Chillin' today | Talk with Angela from TikTok tonight at 2000 EDT,https://youtu.be/xI6ph__1wnc?t=23526
1662590340,xI6ph__1wnc,5139,1662566757,23585,Chillin' today | Talk with Angela from TikTok tonight at 2000 EDT,https://youtu.be/xI6ph__1wnc?t=23585
1662590400,xI6ph__1wnc,5103,1662566757,23645,Chillin' today | Talk with Angela from TikTok tonight at 2000 EDT,https://youtu.be/xI6ph__1wnc?t=23645
1662590460,xI6ph__1wnc,5076,1662566757,23705,Chillin' today | Talk with Angela from TikTok tonight at 2000 EDT,https://youtu.be/xI6ph__1wnc?t=23705
1662590521,xI6ph__1wnc,5118,1662566757,23766,Chillin' today | Talk with Angela from TikTok tonight at 2000 EDT,https://youtu.be/xI6ph__1wnc?t=23766
1662590581,xI6ph__1wnc,5101,1662566757,23826,Chillin' today | Talk with Angela from TikTok tonight at 2000 EDT,https://youtu.be/xI6ph__1wnc?t=23826
1662590641,xI6ph__1wnc,5095,1662566757,23886,Chillin' today | Talk with Angela from TikTok tonight at 2000 EDT,https://youtu.be/xI6ph__1wnc?t=23886
1662590701,xI6ph__1wnc,5091,1662566757,23946,Chillin' today | Talk with Angela from TikTok tonight at 2000 EDT,https://youtu.be/xI6ph__1wnc?t=23946
1662590761,xI6ph__1wnc,5098,1662566757,24006,Chillin' today | Talk with Angela from TikTok tonight at 2000 EDT,https://youtu.be/xI6ph__1wnc?t=24006
1662590820,xI6ph__1wnc,5089,1662566757,24065,Chillin' today | Talk with Angela from TikTok tonight at 2000 EDT,https://youtu.be/xI6ph__1wnc?t=24065
1662590881,xI6ph__1wnc,5139,1662566757,24126,Chillin' today | Talk with Angela from TikTok tonight at 2000 EDT,https://youtu.be/xI6ph__1wnc?t=24126
1662590941,xI6ph__1wnc,5175,1662566757,24186,Chillin' today | Talk with Angela from TikTok tonight at 2000 EDT,https://youtu.be/xI6ph__1wnc?t=24186
1662591001,xI6ph__1wnc,5196,1662566757,24246,Chillin' today | Talk with Angela from TikTok tonight at 2000 EDT,https://youtu.be/xI6ph__1wnc?t=24246
1662591061,xI6ph__1wnc,5164,1662566757,24306,Chillin' today | Talk with Angela from TikTok tonight at 2000 EDT,https://youtu.be/xI6ph__1wnc?t=24306
1662591120,xI6ph__1wnc,5259,1662566757,24365,Chillin' today | Talk with Angela from TikTok tonight at 2000 EDT,https://youtu.be/xI6ph__1wnc?t=24365
1662591181,xI6ph__1wnc,5268,1662566757,24426,Chillin' today | Talk with Angela from TikTok tonight at 2000 EDT,https://youtu.be/xI6ph__1wnc?t=24426
1662591240,xI6ph__1wnc,5286,1662566757,24485,Chillin' today | Talk with Angela from TikTok tonight at 2000 EDT,https://youtu.be/xI6ph__1wnc?t=24485
1662591301,xI6ph__1wnc,5286,1662566757,24546,Chillin' today | Talk with Angela from TikTok tonight at 2000 EDT,https://youtu.be/xI6ph__1wnc?t=24546
1662591361,xI6ph__1wnc,5269,1662566757,24606,Chillin' today | Talk with Angela from TikTok tonight at 2000 EDT,https://youtu.be/xI6ph__1wnc?t=24606
1662591420,xI6ph__1wnc,5238,1662566757,24665,Chillin' today | Talk with Angela from TikTok tonight at 2000 EDT,https://youtu.be/xI6ph__1wnc?t=24665
1662591480,xI6ph__1wnc,5252,1662566757,24725,Chillin' today | Talk with Angela from TikTok tonight at 2000 EDT,https://youtu.be/xI6ph__1wnc?t=24725
1662591541,xI6ph__1wnc,5282,1662566757,24786,Chillin' today | Talk with Angela from TikTok tonight at 2000 EDT,https://youtu.be/xI6ph__1wnc?t=24786
1662591601,xI6ph__1wnc,5256,1662566757,24846,Chillin' today | Talk with Angela from TikTok tonight at 2000 EDT,https://youtu.be/xI6ph__1wnc?t=24846
1662591661,xI6ph__1wnc,5291,1662566757,24906,Chillin' today | Talk with Angela from TikTok tonight at 2000 EDT,https://youtu.be/xI6ph__1wnc?t=24906
1662591721,xI6ph__1wnc,5301,1662566757,24966,Chillin' today | Talk with Angela from TikTok tonight at 2000 EDT,https://youtu.be/xI6ph__1wnc?t=24966
1662591780,xI6ph__1wnc,5333,1662566757,25025,Chillin' today | Talk with Angela from TikTok tonight at 2000 EDT,https://youtu.be/xI6ph__1wnc?t=25025
1662591841,xI6ph__1wnc,5319,1662566757,25086,Chillin' today | Talk with Angela from TikTok tonight at 2000 EDT,https://youtu.be/xI6ph__1wnc?t=25086
1662591900,xI6ph__1wnc,5289,1662566757,25145,Chillin' today | Talk with Angela from TikTok tonight at 2000 EDT,https://youtu.be/xI6ph__1wnc?t=25145
1662591961,xI6ph__1wnc,5317,1662566757,25206,Chillin' today | Talk with Angela from TikTok tonight at 2000 EDT,https://youtu.be/xI6ph__1wnc?t=25206
1662592021,xI6ph__1wnc,5291,1662566757,25266,Chillin' today | Talk with Angela from TikTok tonight at 2000 EDT,https://youtu.be/xI6ph__1wnc?t=25266
1662592080,xI6ph__1wnc,5337,1662566757,25325,Chillin' today | Talk with Angela from TikTok tonight at 2000 EDT,https://youtu.be/xI6ph__1wnc?t=25325
1662592141,xI6ph__1wnc,5361,1662566757,25386,Chillin' today | Talk with Angela from TikTok tonight at 2000 EDT,https://youtu.be/xI6ph__1wnc?t=25386
1662592200,xI6ph__1wnc,5391,1662566757,25445,Chillin' today | Talk with Angela from TikTok tonight at 2000 EDT,https://youtu.be/xI6ph__1wnc?t=25445
1662592261,xI6ph__1wnc,5379,1662566757,25506,Chillin' today | Talk with Angela from TikTok tonight at 2000 EDT,https://youtu.be/xI6ph__1wnc?t=25506
1662592320,xI6ph__1wnc,5380,1662566757,25565,Chillin' today | Talk with Angela from TikTok tonight at 2000 EDT,https://youtu.be/xI6ph__1wnc?t=25565
1662592380,xI6ph__1wnc,5377,1662566757,25625,Chillin' today | Talk with Angela from TikTok tonight at 2000 EDT,https://youtu.be/xI6ph__1wnc?t=25625
1662592441,xI6ph__1wnc,5387,1662566757,25686,Chillin' today | Talk with Angela from TikTok tonight at 2000 EDT,https://youtu.be/xI6ph__1wnc?t=25686
1662592500,xI6ph__1wnc,5371,1662566757,25745,Chillin' today | Talk with Angela from TikTok tonight at 2000 EDT,https://youtu.be/xI6ph__1wnc?t=25745
1662592561,xI6ph__1wnc,5368,1662566757,25806,Chillin' today | Talk with Angela from TikTok tonight at 2000 EDT,https://youtu.be/xI6ph__1wnc?t=25806
1662592621,xI6ph__1wnc,5403,1662566757,25866,Chillin' today | Talk with Angela from TikTok tonight at 2000 EDT,https://youtu.be/xI6ph__1wnc?t=25866
1662592680,xI6ph__1wnc,5416,1662566757,25926,Chillin' today | Talk with Angela from TikTok tonight at 2000 EDT,https://youtu.be/xI6ph__1wnc?t=25926
1662592741,xI6ph__1wnc,5420,1662566757,25986,Chillin' today | Talk with Angela from TikTok tonight at 2000 EDT,https://youtu.be/xI6ph__1wnc?t=25986
1662592800,xI6ph__1wnc,5452,1662566757,26045,Chillin' today | Talk with Angela from TikTok tonight at 2000 EDT,https://youtu.be/xI6ph__1wnc?t=26045
1662592861,xI6ph__1wnc,5449,1662566757,26106,Chillin' today | Talk with Angela from TikTok tonight at 2000 EDT,https://youtu.be/xI6ph__1wnc?t=26106
1662592921,xI6ph__1wnc,5452,1662566757,26166,Chillin' today | Talk with Angela from TikTok tonight at 2000 EDT,https://youtu.be/xI6ph__1wnc?t=26166
1662592981,xI6ph__1wnc,5460,1662566757,26226,Chillin' today | Talk with Angela from TikTok tonight at 2000 EDT,https://youtu.be/xI6ph__1wnc?t=26226
1662593041,xI6ph__1wnc,5481,1662566757,26286,Chillin' today | Talk with Angela from TikTok tonight at 2000 EDT,https://youtu.be/xI6ph__1wnc?t=26286
1662593100,xI6ph__1wnc,5544,1662566757,26346,Chillin' today | Talk with Angela from TikTok tonight at 2000 EDT,https://youtu.be/xI6ph__1wnc?t=26346
1662593161,xI6ph__1wnc,5578,1662566757,26406,Chillin' today | Talk with Angela from TikTok tonight at 2000 EDT,https://youtu.be/xI6ph__1wnc?t=26406
1662593221,xI6ph__1wnc,5618,1662566757,26466,Chillin' today | Talk with Angela from TikTok tonight at 2000 EDT,https://youtu.be/xI6ph__1wnc?t=26466
1662593281,xI6ph__1wnc,5593,1662566757,26526,Chillin' today | Talk with Angela from TikTok tonight at 2000 EDT,https://youtu.be/xI6ph__1wnc?t=26526
1662593340,xI6ph__1wnc,5582,1662566757,26586,Chillin' today | Talk with Angela from TikTok tonight at 2000 EDT,https://youtu.be/xI6ph__1wnc?t=26586
1662593401,xI6ph__1wnc,5613,1662566757,26646,Chillin' today | Talk with Angela from TikTok tonight at 2000 EDT,https://youtu.be/xI6ph__1wnc?t=26646
1662593461,xI6ph__1wnc,5657,1662566757,26706,Chillin' today | Talk with Angela from TikTok tonight at 2000 EDT,https://youtu.be/xI6ph__1wnc?t=26706
1662593520,xI6ph__1wnc,5650,1662566757,26765,Chillin' today | Talk with Angela from TikTok tonight at 2000 EDT,https://youtu.be/xI6ph__1wnc?t=26765
1662593580,xI6ph__1wnc,5726,1662566757,26825,Chillin' today | Talk with Angela from TikTok tonight at 2000 EDT,https://youtu.be/xI6ph__1wnc?t=26825
1662593640,xI6ph__1wnc,5733,1662566757,26886,Chillin' today | Talk with Angela from TikTok tonight at 2000 EDT,https://youtu.be/xI6ph__1wnc?t=26886
1662593700,xI6ph__1wnc,5767,1662566757,26945,Chillin' today | Talk with Angela from TikTok tonight at 2000 EDT,https://youtu.be/xI6ph__1wnc?t=26945
1662593762,xI6ph__1wnc,5813,1662566757,27007,Chillin' today | Talk with Angela from TikTok tonight at 2000 EDT,https://youtu.be/xI6ph__1wnc?t=27007
1662593820,xI6ph__1wnc,5853,1662566757,27065,Chillin' today | Talk with Angela from TikTok tonight at 2000 EDT,https://youtu.be/xI6ph__1wnc?t=27065
1662593880,xI6ph__1wnc,5946,1662566757,27125,Chillin' today | Talk with Angela from TikTok tonight at 2000 EDT,https://youtu.be/xI6ph__1wnc?t=27125
1662593941,xI6ph__1wnc,6000,1662566757,27186,Chillin' today | Talk with Angela from TikTok tonight at 2000 EDT,https://youtu.be/xI6ph__1wnc?t=27186
1662594000,xI6ph__1wnc,6068,1662566757,27245,Chillin' today | Talk with Angela from TikTok tonight at 2000 EDT,https://youtu.be/xI6ph__1wnc?t=27245
1662594061,xI6ph__1wnc,6073,1662566757,27306,Chillin' today | Talk with Angela from TikTok tonight at 2000 EDT,https://youtu.be/xI6ph__1wnc?t=27306
1662594121,xI6ph__1wnc,6082,1662566757,27366,Chillin' today | Talk with Angela from TikTok tonight at 2000 EDT,https://youtu.be/xI6ph__1wnc?t=27366
1662594180,xI6ph__1wnc,6169,1662566757,27425,Chillin' today | Talk with Angela from TikTok tonight at 2000 EDT,https://youtu.be/xI6ph__1wnc?t=27425
1662594241,xI6ph__1wnc,6155,1662566757,27486,Chillin' today | Talk with Angela from TikTok tonight at 2000 EDT,https://youtu.be/xI6ph__1wnc?t=27486
1662594301,xI6ph__1wnc,6214,1662566757,27546,Chillin' today | Talk with Angela from TikTok tonight at 2000 EDT,https://youtu.be/xI6ph__1wnc?t=27546
1662594360,xI6ph__1wnc,6259,1662566757,27606,Chillin' today | Talk with Angela from TikTok tonight at 2000 EDT,https://youtu.be/xI6ph__1wnc?t=27606
1662594420,xI6ph__1wnc,6312,1662566757,27666,Chillin' today | Talk with Angela from TikTok tonight at 2000 EDT,https://youtu.be/xI6ph__1wnc?t=27666
1662594480,xI6ph__1wnc,6385,1662566757,27725,Chillin' today | Talk with Angela from TikTok tonight at 2000 EDT,https://youtu.be/xI6ph__1wnc?t=27725
1662594540,xI6ph__1wnc,6471,1662566757,27785,Chillin' today | Talk with Angela from TikTok tonight at 2000 EDT,https://youtu.be/xI6ph__1wnc?t=27785
1662594601,xI6ph__1wnc,6494,1662566757,27846,Chillin' today | Talk with Angela from TikTok tonight at 2000 EDT,https://youtu.be/xI6ph__1wnc?t=27846
1662594662,xI6ph__1wnc,6548,1662566757,27907,Chillin' today | Talk with Angela from TikTok tonight at 2000 EDT,https://youtu.be/xI6ph__1wnc?t=27907
1662594721,xI6ph__1wnc,6634,1662566757,27966,Chillin' today | Talk with Angela from TikTok tonight at 2000 EDT,https://youtu.be/xI6ph__1wnc?t=27966
1662594780,xI6ph__1wnc,6756,1662566757,28025,Chillin' today | Talk with Angela from TikTok tonight at 2000 EDT,https://youtu.be/xI6ph__1wnc?t=28025
1662594841,xI6ph__1wnc,6789,1662566757,28086,Chillin' today | Talk with Angela from TikTok tonight at 2000 EDT,https://youtu.be/xI6ph__1wnc?t=28086
1662594901,xI6ph__1wnc,6870,1662566757,28146,Chillin' today | Talk with Angela from TikTok tonight at 2000 EDT,https://youtu.be/xI6ph__1wnc?t=28146
1662594960,xI6ph__1wnc,6882,1662566757,28205,Chillin' today | Talk with Angela from TikTok tonight at 2000 EDT,https://youtu.be/xI6ph__1wnc?t=28205
1662595021,xI6ph__1wnc,6895,1662566757,28266,Chillin' today | Talk with Angela from TikTok tonight at 2000 EDT,https://youtu.be/xI6ph__1wnc?t=28266
1662595081,xI6ph__1wnc,6900,1662566757,28326,Chillin' today | Talk with Angela from TikTok tonight at 2000 EDT,https://youtu.be/xI6ph__1wnc?t=28326
1662595140,xI6ph__1wnc,6865,1662566757,28385,Chillin' today | Talk with Angela from TikTok tonight at 2000 EDT,https://youtu.be/xI6ph__1wnc?t=28385
1662595201,xI6ph__1wnc,6759,1662566757,28446,Chillin' today | Talk with Angela from TikTok tonight at 2000 EDT,https://youtu.be/xI6ph__1wnc?t=28446
1662595260,xI6ph__1wnc,6556,1662566757,28505,Chillin' today | Talk with Angela from TikTok tonight at 2000 EDT,https://youtu.be/xI6ph__1wnc?t=28505
1662595321,xI6ph__1wnc,6405,1662566757,28566,Chillin' today | Talk with Angela from TikTok tonight at 2000 EDT,https://youtu.be/xI6ph__1wnc?t=28566
1662595381,xI6ph__1wnc,6304,1662566757,28626,Chillin' today | Talk with Angela from TikTok tonight at 2000 EDT,https://youtu.be/xI6ph__1wnc?t=28626
1662595440,xI6ph__1wnc,6238,1662566757,28685,Chillin' today | Talk with Angela from TikTok tonight at 2000 EDT,https://youtu.be/xI6ph__1wnc?t=28685
1662595501,xI6ph__1wnc,6133,1662566757,28746,Chillin' today | Talk with Angela from TikTok tonight at 2000 EDT,https://youtu.be/xI6ph__1wnc?t=28746
1662595560,xI6ph__1wnc,6082,1662566757,28805,Chillin' today | Talk with Angela from TikTok tonight at 2000 EDT,https://youtu.be/xI6ph__1wnc?t=28805
1662595620,xI6ph__1wnc,6063,1662566757,28865,Chillin' today | Talk with Angela from TikTok tonight at 2000 EDT,https://youtu.be/xI6ph__1wnc?t=28865
1662595680,xI6ph__1wnc,5966,1662566757,28925,Chillin' today | Talk with Angela from TikTok tonight at 2000 EDT,https://youtu.be/xI6ph__1wnc?t=28925
1662595740,xI6ph__1wnc,5921,1662566757,28985,Chillin' today | Talk with Angela from TikTok tonight at 2000 EDT,https://youtu.be/xI6ph__1wnc?t=28985
1662595801,xI6ph__1wnc,5876,1662566757,29046,Chillin' today | Talk with Angela from TikTok tonight at 2000 EDT,https://youtu.be/xI6ph__1wnc?t=29046
1662595860,xI6ph__1wnc,5793,1662566757,29105,Chillin' today | Talk with Angela from TikTok tonight at 2000 EDT,https://youtu.be/xI6ph__1wnc?t=29105
1662595920,xI6ph__1wnc,5748,1662566757,29166,Chillin' today | Talk with Angela from TikTok tonight at 2000 EDT,https://youtu.be/xI6ph__1wnc?t=29166
1662595980,xI6ph__1wnc,5751,1662566757,29225,Chillin' today | Talk with Angela from TikTok tonight at 2000 EDT,https://youtu.be/xI6ph__1wnc?t=29225
1662596040,xI6ph__1wnc,5681,1662566757,29285,Chillin' today | Talk with Angela from TikTok tonight at 2000 EDT,https://youtu.be/xI6ph__1wnc?t=29285
1662596101,xI6ph__1wnc,5695,1662566757,29346,Chillin' today | Talk with Angela from TikTok tonight at 2000 EDT,https://youtu.be/xI6ph__1wnc?t=29346
1662596161,xI6ph__1wnc,5538,1662566757,29406,Chillin' today | Talk with Angela from TikTok tonight at 2000 EDT,https://youtu.be/xI6ph__1wnc?t=29406
